txId,Time step,class,IF_anomaly,LOF_anomaly,ensemble_anomaly
158275512,49,3,0.25184077,182.9829,73.34426
98649329,43,3,1.3047396,161.2494,65.28261
218135759,47,2,3.9819756,148.13692,61.64395
94260854,43,2,5.1454744,134.18314,56.76054
95040255,43,3,1.088471,136.98369,55.446556
98649322,43,3,1.088471,136.94876,55.432587
181949645,45,2,-0.021776466,136.2112,54.471413
73424761,42,2,0.1807982,134.55243,53.929455
71465831,42,2,0.28440833,133.43839,53.545998
95040590,43,3,1.1091846,132.08072,53.4978
98657139,43,3,1.0687963,129.02228,52.25019
98663815,43,3,1.0687963,129.00215,52.242138
98660044,43,3,1.0687963,126.500946,51.241657
94312679,43,2,4.965916,117.89729,50.138466
98664197,43,3,1.0149716,119.14495,48.266964
157243941,45,2,5.215061,112.1739,47.998596
98655819,43,3,1.051694,117.07825,47.462315
95040784,43,3,0.9561919,113.97406,46.163338
218053350,47,2,4.2734704,105.41144,44.728657
91914187,43,3,0.94412494,108.8042,44.088154
98657151,43,2,1.2663553,107.84726,43.898716
71765185,42,2,4.0687127,103.53203,43.85404
71460914,42,2,4.3245387,102.377846,43.54586
94296853,43,2,2.0744514,104.709496,43.12847
128924055,45,2,5.0347147,99.94272,42.997917
94297167,43,3,0.92910266,103.089134,41.793114
106872764,44,3,5.6480727,95.97073,41.777138
70777472,42,2,4.292365,97.835785,41.709732
164687325,45,2,4.410872,95.71986,40.934464
98653617,43,2,1.4033432,94.14483,38.49994
94256606,43,3,1.3432081,93.81527,38.332035
3382262,48,3,0.2626135,94.30867,37.881035
155668091,45,3,1.2432501,92.29053,37.662163
94964020,43,3,1.3863164,91.903015,37.592995
94553119,43,3,0.9049678,92.163635,37.408436
98649746,43,3,1.3047396,91.416145,37.3493
105991496,44,1,0.1488906,91.062325,36.514263
155816203,45,2,4.586738,84.216606,36.438686
95611894,43,2,1.2824012,88.324486,36.099236
98645968,43,3,1.1161706,88.48601,36.064106
94270318,43,2,1.1207583,88.24409,35.97009
164687670,45,2,4.4635196,82.81872,35.8056
155816192,45,2,4.42718,82.86954,35.804123
59500658,47,2,4.812247,82.008835,35.690884
94245517,43,2,1.1207583,87.20207,35.553284
73148377,47,2,4.6303496,81.92232,35.54714
156307149,45,2,4.5991874,81.92312,35.52876
92833478,43,3,0.80637175,87.58404,35.51744
7564652,47,2,4.639639,81.83019,35.51586
115642542,45,2,4.6319833,81.7825,35.49219
95012943,43,2,1.2935436,86.68644,35.450703
46950744,46,2,4.683889,81.4493,35.390053
219546222,47,2,4.639639,81.49042,35.37995
45521358,46,2,4.6533275,81.42302,35.361206
219415330,47,2,4.634993,81.41565,35.347256
94913850,43,3,1.1192287,86.577576,35.302567
156306821,45,2,4.6273413,81.22384,35.265938
218546987,47,2,4.6321898,80.97995,35.17129
164686466,45,2,4.489349,81.049545,35.113426
593446,48,2,4.6084485,80.77269,35.074146
156315082,45,2,4.6487994,80.2371,34.884117
156307674,45,2,4.735653,80.079636,34.873245
156307163,45,2,4.6441493,79.680374,34.658638
218559028,47,2,4.3461943,80.041725,34.624405
164688873,45,2,4.1930757,80.127335,34.56678
219922357,47,2,4.1729403,80.12807,34.554993
218293512,47,2,4.1729403,80.12789,34.55492
218275609,47,2,4.1729403,80.127846,34.5549
218293648,47,2,4.1729403,80.127594,34.554802
218293510,47,2,4.1729403,80.12754,34.55478
218295886,47,2,4.1818166,79.915596,34.47533
105594264,44,2,1.6504571,83.56903,34.417885
125857230,47,2,4.1732693,79.41872,34.27145
105590819,44,3,1.2440575,83.72371,34.23592
94912131,43,3,1.2800852,83.232285,34.060963
218293501,47,2,4.182146,78.66767,33.976357
218293647,47,2,4.1824756,78.349846,33.849422
155655509,45,3,1.2523198,82.66129,33.81591
98647235,43,3,1.1816276,82.42847,33.680363
155813492,45,2,4.148629,77.76936,33.596924
156104923,45,3,1.2378035,82.025055,33.552704
98653769,43,3,1.114642,82.11561,33.51503
218292978,47,2,4.110652,77.07476,33.296295
94581605,43,3,1.1464473,80.67368,32.957344
99261295,43,3,1.1615293,80.294785,32.81483
98660712,43,3,1.3047396,79.963196,32.768124
94272813,43,3,1.1510555,80.05428,32.71235
98637531,43,2,1.1510555,79.89675,32.649334
94245375,43,3,1.1510555,79.29199,32.40743
94243397,43,3,1.1464473,79.292,32.404667
99261424,43,3,1.1449119,79.29418,32.404617
164982939,45,2,0.26208103,79.878586,32.10868
94245998,43,3,1.1692284,78.41471,32.06742
94369573,43,2,1.5194317,77.69744,31.990635
94245168,43,3,0.96906996,78.01859,31.78888
94269022,43,3,1.1723106,77.708755,31.786888
94269445,43,3,1.1738521,77.69828,31.783625
46950741,46,2,4.593767,72.18924,31.631956
156302066,45,2,4.5755386,72.17907,31.616951
156302765,45,2,4.5755386,72.17907,31.616951
